,band1,band2,band3,band4,band5,band6,band1_normalized,band2_normalized,band3_normalized,band4_normalized,band5_normalized,band6_normalized,labels
0,397.37767572625523,334.8956028832066,237.32863256441738,1010.181048434132,157.7459353153206,90.0761633047583,0.15059577872034113,0.15356783078880076,0.13485356730125292,0.9999999999999998,0.9999999999999999,1.0,Loofbos
1,528.6686455790091,506.2864092726249,439.465340931522,830.8619141760822,77.85956118921236,5.430005426963664,0.5697078967852418,0.5711386455316061,0.5744866005566165,0.6437134457883358,0.20985615949802505,0.01086490271194477,Mos
2,350.2020752324929,271.8641039730693,175.3249746409155,506.8807354183367,126.07716821638742,63.76153000841168,0.0,0.0,0.0,0.0,0.6867690950647897,0.6924996004749618,Loofbos
3,428.29270768322124,376.00258733311324,296.49759013549004,644.4393952715266,93.8001873220035,6.881853598416086,0.24928394088457506,0.2537195095746888,0.2635418619789644,0.2733132809493659,0.36752244101790876,0.0278305160170444,Open Duindoorn
4,663.461855118941,682.3113870165049,635.1100523688947,1004.309045781469,56.64235134590463,4.50023125071246,0.9999999999999998,1.0,1.0,0.988333004171053,0.0,0.0,Zand
5,400.18671956236784,340.6611654085941,246.82566337561914,797.2093263008923,134.38862407582033,29.392168171404048,0.159562917231167,0.16761485403289744,0.15550893710605657,0.5768496131919634,0.7689764267252296,0.2908754403629631,Open Hoog Struweel
