,band1,band2,band3,band4,band5,band6,band1_normalized,band2_normalized,band3_normalized,band4_normalized,band5_normalized,band6_normalized,labels
0,433.3471843872352,398.4841315960975,352.90201792622645,577.596213877303,60.46884755054568,11.72707555178642,0.45819155043593596,0.4491289565969654,0.42305851259794036,0.48599881053423133,0.20111821665469753,0.04666573466461783,Mos
1,340.94514129075117,285.5448939954295,236.68928056946612,443.2756140092999,77.57798022804171,15.40245662126853,0.14080713621037821,0.14245500289748658,0.13604088366397005,0.25072691222570354,0.5036146172323831,0.07258158863459034,Dicht Hoog Struweel
2,591.0871535310204,601.3541663926944,586.5042178841213,871.0479546005879,49.09364359428265,5.108950678165154,1.0,1.0,0.9999999999999999,0.9999999999999999,0.0,0.0,Zand
3,508.2307561958579,492.5729130865617,457.6173196627075,718.5633592051514,56.00867796995402,7.691593156892619,0.7154031636984306,0.7046165907571267,0.6816802291249685,0.7329125967517501,0.12226061063065463,0.018210733545727262,Mos
4,307.9278201625483,244.22985847288436,194.55014843438414,414.79320726020114,91.02203663587572,146.92874460587456,0.027398571048786513,0.030268613471581718,0.03196731939005415,0.20083799041593442,0.741310983798192,0.9999999999999999,Loofbos
5,346.3965213257878,298.3355116992051,246.64161126390084,599.8600784379546,105.65343288374945,19.970884279563887,0.159531647067074,0.17718650440934203,0.1606207569485507,0.5249955220141972,1.0,0.10479449440586827,Open Hoog Struweel
6,299.9511085492526,233.08279466954724,181.60665884430503,300.13149227043965,69.48518160171214,34.20370751588894,0.0,0.0,0.0,0.0,0.3605306572672652,0.20515300461199665,"Water, Overig"
