,band1,band2,band3,band4,band5,band6,band1_normalized,band2_normalized,band3_normalized,band4_normalized,band5_normalized,band6_normalized,labels
0,394.3534154988588,390.45816022053197,292.7108028876612,441.8073970736698,50.75184720082882,7.464552242845446,0.3908425065419019,0.3928884132068602,0.3781984114698539,0.3781763984439167,0.03426815737282507,0.02182847835941972,Open laag struweel
1,505.0083080390626,569.6832432085815,468.1235584929838,693.1531407189184,48.764134718534336,4.75936339181715,1.0,1.0,0.9999999999999999,1.0,0.0,0.004645888590888551,Zand
2,323.35595420847574,274.4737843762357,186.0194937221389,288.9456725297597,57.1939711192584,39.369828467966066,0.0,0.0,0.0,0.0,0.14533035485782309,0.22448171368512754,"Water, Overig"
3,440.17731174954207,466.15275005650557,365.2863894354766,564.0149122925096,53.90901895465038,4.027924988846674,0.6431040120185649,0.6492981845447148,0.6354637103827535,0.6805149865118886,0.08869778916147664,0.0,Mos
4,343.0941707963064,310.88720646178786,217.9784762980634,434.97547001003085,83.74330310969142,17.651756629028018,0.10865929436972221,0.12334774850907437,0.11328791948419825,0.36127436767678167,0.6030407606109377,0.0865347016567024,Dicht Hoog Struweel
5,329.83794743550106,280.0577256695304,192.09815026295647,377.25775602832687,81.1586046377287,161.46570866815438,0.035683508032439804,0.018915184206431235,0.021547568078309376,0.2184820678702537,0.5584805665247806,1.0,Riet
6,357.2341955051945,344.35993714598885,240.74723625071965,591.9811028688022,106.76878494436626,9.155091540260102,0.18650042557837931,0.23673412446259934,0.19399841889210812,0.7497027001916493,0.9999999999999999,0.032566302901323806,Open Hoog Struweel
