,band1,band2,band3,band4,band5,band6,band1_normalized,band2_normalized,band3_normalized,band4_normalized,band5_normalized,band6_normalized,labels
0,662.4613966225072,668.2881036056995,519.7887288911437,872.1917731630031,63.89526471923256,5.281398904599193,0.4851433540750647,0.4653964651774736,0.4778806230657098,0.4210069111242627,0.1959091782245097,0.0162735915003177,Mos
1,746.5547892155489,790.9908178445294,685.8813872541671,1008.4426942890717,48.13010249167056,4.005206542229466,1.0000000000000004,0.9999999999999996,1.0,0.7200134655258146,0.0,0.0,Zand
2,590.2066495475431,572.1430281352292,372.3709026043422,1136.0265972618874,128.6018923814495,82.42627065366503,0.042768090287113036,0.0465019238371136,0.014466379664041629,1.0,1.0,1.0000000000000002,Naaldbos
3,585.5241952992835,566.2814515477132,367.7689675652758,979.3850366747163,115.37816463096836,33.32276469660243,0.014100050924941154,0.02096361702166938,0.0,0.6562456024505305,0.8356725037607156,0.37384800227542186,Naaldbos
4,591.6423535966915,568.5190094109338,389.2750613053668,680.3478868109787,68.99909794832769,17.798929666489578,0.051558100399590856,0.030712434319380755,0.06760532569311084,0.0,0.25933305926512995,0.17589308791652414,"Water, Overig"
5,583.2211831358048,561.4698621337448,369.85397826488486,838.5571118506515,98.57970073868135,21.632005678715412,0.0,0.0,0.006554320330052432,0.34719468215471316,0.6269227802203841,0.22477123125284856,Naaldbos
