label,band3,band5,band6
Bos,0.144086,0.850649,0.552941
Struweel,0.146961,0.830065,0.243137
Gras,0.215591,0.793750,0.003922
Laag gras,0.158317,0.839744,0.003922
Asfalt,0.258562,0.649351,0
Zand,0.468280,0.726115,0
